[{"model": "restaurant.restaurant", "pk": 1, "fields": {"name": "Macchiato Liman", "description": "Restaurant", "address": "Narodnog fronta 21C", "rows": 5, "columns": 5, "tables": 25, "is_ready": true, "capacity": 0, "capacity_percent": 0, "total_capacity": 0, "capacity_reserved": 0}}, {"model": "restaurant.restaurant", "pk": 3, "fields": {"name": "Toster", "description": "Hamburgers", "address": "Radni\u010dka 20", "rows": 2, "columns": 2, "tables": 4, "is_ready": true, "capacity": 0, "capacity_percent": 0, "total_capacity": 0, "capacity_reserved": 0}}, {"model": "restaurant.restaurant", "pk": 6, "fields": {"name": "Minuta Spens", "description": "Fast food restaurant", "address": "Sutjeska 2, Novi Sad", "rows": 1, "columns": 6, "tables": 4, "is_ready": true, "capacity": 0, "capacity_percent": 0, "total_capacity": 0, "capacity_reserved": 0}}, {"model": "restaurant.restaurant", "pk": 10, "fields": {"name": "Comida deliciosa pa ti", "description": "Vendemos comidilla por kilo", "address": null, "rows": 2, "columns": 2, "tables": 4, "is_ready": true, "capacity": 200, "capacity_percent": 50, "total_capacity": 100, "capacity_reserved": 100}}, {"model": "restaurant.menuitem", "pk": 5, "fields": {"name": "Toster", "description": "Pljeskavica", "price": 260.0, "restaurant": 3}}, {"model": "restaurant.menuitem", "pk": 6, "fields": {"name": "Hrskava", "description": "Pljeskavica sa slaninom", "price": 299.99, "restaurant": 3}}, {"model": "restaurant.menuitem", "pk": 11, "fields": {"name": "Dupla", "description": "Dupla pljeskavica sa sirom", "price": 320.0, "restaurant": 3}}, {"model": "restaurant.menuitem", "pk": 13, "fields": {"name": "Klub \u0160unka", "description": "Klub sendvi\u010d sa \u0161unkom", "price": 180.0, "restaurant": 1}}, {"model": "restaurant.menuitem", "pk": 17, "fields": {"name": "Bifter", "description": "Krvavi biftek", "price": 520.0, "restaurant": 1}}, {"model": "restaurant.menuitem", "pk": 21, "fields": {"name": "Mali Giros", "description": "Tortilja, meso, pomfrit", "price": 170.0, "restaurant": 6}}, {"model": "restaurant.menuitem", "pk": 22, "fields": {"name": "Veliki Giros", "description": "Tortilja, meso, pomfrit", "price": 260.0, "restaurant": 6}}, {"model": "restaurant.menuitem", "pk": 23, "fields": {"name": "Toster Monster", "description": "Trostruka pljeskavica sa sirom i slaninom", "price": 450.0, "restaurant": 3}}, {"model": "restaurant.menuitem", "pk": 30, "fields": {"name": "Lasa\u00f1a", "description": "masa con carne y queso", "price": 150.0, "restaurant": 10}}, {"model": "restaurant.menuitem", "pk": 31, "fields": {"name": "Bifecito", "description": "Carne sabrosona", "price": 520.0, "restaurant": 1}}, {"model": "restaurant.reservebyhour", "pk": 1, "fields": {"capacity": 100, "currently_free": true, "restaurant": 10, "hour": "08:00:00"}}, {"model": "restaurant.reservebyhour", "pk": 2, "fields": {"capacity": 100, "currently_free": true, "restaurant": 10, "hour": "08:30:00"}}, {"model": "restaurant.reservebyhour", "pk": 3, "fields": {"capacity": 100, "currently_free": true, "restaurant": 10, "hour": "09:00:00"}}, {"model": "restaurant.reservebyhour", "pk": 4, "fields": {"capacity": 100, "currently_free": true, "restaurant": 10, "hour": "09:30:00"}}, {"model": "restaurant.reservebyhour", "pk": 5, "fields": {"capacity": 100, "currently_free": true, "restaurant": 10, "hour": "10:00:00"}}, {"model": "restaurant.reservebyhour", "pk": 6, "fields": {"capacity": 100, "currently_free": true, "restaurant": 10, "hour": "10:30:00"}}, {"model": "restaurant.reservebyhour", "pk": 7, "fields": {"capacity": 100, "currently_free": true, "restaurant": 10, "hour": "11:00:00"}}, {"model": "restaurant.reservebyhour", "pk": 8, "fields": {"capacity": 100, "currently_free": true, "restaurant": 10, "hour": "11:30:00"}}, {"model": "restaurant.reservebyhour", "pk": 9, "fields": {"capacity": 100, "currently_free": true, "restaurant": 10, "hour": "12:00:00"}}, {"model": "restaurant.reservebyhour", "pk": 10, "fields": {"capacity": 100, "currently_free": true, "restaurant": 10, "hour": "12:30:00"}}, {"model": "restaurant.reservebyhour", "pk": 11, "fields": {"capacity": 100, "currently_free": true, "restaurant": 10, "hour": "13:00:00"}}, {"model": "restaurant.reservebyhour", "pk": 12, "fields": {"capacity": 100, "currently_free": true, "restaurant": 10, "hour": "13:30:00"}}, {"model": "restaurant.reservebyhour", "pk": 13, "fields": {"capacity": 100, "currently_free": true, "restaurant": 10, "hour": "14:30:00"}}, {"model": "restaurant.reservebyhour", "pk": 14, "fields": {"capacity": 100, "currently_free": true, "restaurant": 10, "hour": "15:00:00"}}, {"model": "restaurant.reservebyhour", "pk": 15, "fields": {"capacity": 100, "currently_free": true, "restaurant": 10, "hour": "15:30:00"}}, {"model": "restaurant.reservebyhour", "pk": 16, "fields": {"capacity": 100, "currently_free": true, "restaurant": 10, "hour": "16:00:00"}}, {"model": "restaurant.reservebyhour", "pk": 17, "fields": {"capacity": 100, "currently_free": true, "restaurant": 10, "hour": "16:00:00"}}, {"model": "restaurant.reservebyhour", "pk": 18, "fields": {"capacity": 100, "currently_free": true, "restaurant": 10, "hour": "16:30:00"}}, {"model": "restaurant.reservebyhour", "pk": 19, "fields": {"capacity": 100, "currently_free": true, "restaurant": 10, "hour": "17:00:00"}}, {"model": "restaurant.reservebyhour", "pk": 20, "fields": {"capacity": 100, "currently_free": true, "restaurant": 10, "hour": "17:30:00"}}, {"model": "restaurant.reservebyhour", "pk": 21, "fields": {"capacity": 100, "currently_free": true, "restaurant": 10, "hour": "18:00:00"}}, {"model": "restaurant.reservebyhour", "pk": 22, "fields": {"capacity": 100, "currently_free": true, "restaurant": 10, "hour": "18:30:00"}}, {"model": "restaurant.reservebyhour", "pk": 23, "fields": {"capacity": 100, "currently_free": true, "restaurant": 10, "hour": "19:00:00"}}, {"model": "restaurant.reservebyhour", "pk": 24, "fields": {"capacity": 100, "currently_free": true, "restaurant": 10, "hour": "19:30:00"}}, {"model": "restaurant.reservebyhour", "pk": 25, "fields": {"capacity": 100, "currently_free": true, "restaurant": 10, "hour": "20:00:00"}}, {"model": "restaurant.reservebyhour", "pk": 26, "fields": {"capacity": 100, "currently_free": true, "restaurant": 10, "hour": "20:30:00"}}, {"model": "restaurant.reservebyhour", "pk": 27, "fields": {"capacity": 100, "currently_free": true, "restaurant": 10, "hour": "21:00:00"}}, {"model": "restaurant.reservebyhour", "pk": 28, "fields": {"capacity": 100, "currently_free": true, "restaurant": 10, "hour": "21:30:00"}}, {"model": "restaurant.reservebyhour", "pk": 29, "fields": {"capacity": 100, "currently_free": true, "restaurant": 10, "hour": "22:30:00"}}, {"model": "restaurant.reservebyhour", "pk": 30, "fields": {"capacity": 100, "currently_free": true, "restaurant": 10, "hour": "23:30:00"}}, {"model": "restaurant.reservebyhour", "pk": 31, "fields": {"capacity": 100, "currently_free": true, "restaurant": 10, "hour": "00:00:00"}}, {"model": "restaurant.reservebyhour", "pk": 32, "fields": {"capacity": 100, "currently_free": true, "restaurant": 10, "hour": "00:30:00"}}, {"model": "restaurant.table", "pk": 10, "fields": {"number": 1, "row": 1, "column": 1, "people": 0, "currently_free": true, "restaurant": 1}}, {"model": "restaurant.table", "pk": 11, "fields": {"number": 2, "row": 1, "column": 2, "people": 0, "currently_free": true, "restaurant": 1}}, {"model": "restaurant.table", "pk": 12, "fields": {"number": 3, "row": 1, "column": 3, "people": 0, "currently_free": true, "restaurant": 1}}, {"model": "restaurant.table", "pk": 13, "fields": {"number": 4, "row": 1, "column": 4, "people": 0, "currently_free": true, "restaurant": 1}}, {"model": "restaurant.table", "pk": 14, "fields": {"number": 5, "row": 1, "column": 5, "people": 0, "currently_free": true, "restaurant": 1}}, {"model": "restaurant.table", "pk": 15, "fields": {"number": 25, "row": 2, "column": 1, "people": 0, "currently_free": true, "restaurant": 1}}, {"model": "restaurant.table", "pk": 16, "fields": {"number": 24, "row": 2, "column": 2, "people": 0, "currently_free": true, "restaurant": 1}}, {"model": "restaurant.table", "pk": 17, "fields": {"number": 23, "row": 2, "column": 3, "people": 0, "currently_free": true, "restaurant": 1}}, {"model": "restaurant.table", "pk": 18, "fields": {"number": 22, "row": 2, "column": 4, "people": 0, "currently_free": true, "restaurant": 1}}, {"model": "restaurant.table", "pk": 19, "fields": {"number": 21, "row": 2, "column": 5, "people": 0, "currently_free": true, "restaurant": 1}}, {"model": "restaurant.table", "pk": 20, "fields": {"number": 6, "row": 3, "column": 1, "people": 0, "currently_free": true, "restaurant": 1}}, {"model": "restaurant.table", "pk": 21, "fields": {"number": 7, "row": 3, "column": 2, "people": 0, "currently_free": true, "restaurant": 1}}, {"model": "restaurant.table", "pk": 22, "fields": {"number": 8, "row": 3, "column": 3, "people": 0, "currently_free": true, "restaurant": 1}}, {"model": "restaurant.table", "pk": 23, "fields": {"number": 9, "row": 3, "column": 4, "people": 0, "currently_free": true, "restaurant": 1}}, {"model": "restaurant.table", "pk": 24, "fields": {"number": 10, "row": 3, "column": 5, "people": 0, "currently_free": true, "restaurant": 1}}, {"model": "restaurant.table", "pk": 25, "fields": {"number": 20, "row": 4, "column": 1, "people": 0, "currently_free": true, "restaurant": 1}}, {"model": "restaurant.table", "pk": 26, "fields": {"number": 19, "row": 4, "column": 2, "people": 0, "currently_free": true, "restaurant": 1}}, {"model": "restaurant.table", "pk": 27, "fields": {"number": 18, "row": 4, "column": 3, "people": 0, "currently_free": true, "restaurant": 1}}, {"model": "restaurant.table", "pk": 28, "fields": {"number": 17, "row": 4, "column": 4, "people": 0, "currently_free": true, "restaurant": 1}}, {"model": "restaurant.table", "pk": 29, "fields": {"number": 16, "row": 4, "column": 5, "people": 0, "currently_free": true, "restaurant": 1}}, {"model": "restaurant.table", "pk": 30, "fields": {"number": 11, "row": 5, "column": 1, "people": 0, "currently_free": true, "restaurant": 1}}, {"model": "restaurant.table", "pk": 31, "fields": {"number": 12, "row": 5, "column": 2, "people": 0, "currently_free": true, "restaurant": 1}}, {"model": "restaurant.table", "pk": 32, "fields": {"number": 13, "row": 5, "column": 3, "people": 0, "currently_free": true, "restaurant": 1}}, {"model": "restaurant.table", "pk": 33, "fields": {"number": 14, "row": 5, "column": 4, "people": 0, "currently_free": true, "restaurant": 1}}, {"model": "restaurant.table", "pk": 34, "fields": {"number": 15, "row": 5, "column": 5, "people": 0, "currently_free": true, "restaurant": 1}}, {"model": "restaurant.table", "pk": 43, "fields": {"number": 1, "row": 1, "column": 1, "people": 0, "currently_free": true, "restaurant": 6}}, {"model": "restaurant.table", "pk": 44, "fields": {"number": 2, "row": 1, "column": 2, "people": 0, "currently_free": true, "restaurant": 6}}, {"model": "restaurant.table", "pk": 45, "fields": {"number": 4, "row": 1, "column": 5, "people": 0, "currently_free": true, "restaurant": 6}}, {"model": "restaurant.table", "pk": 46, "fields": {"number": 3, "row": 1, "column": 6, "people": 0, "currently_free": true, "restaurant": 6}}, {"model": "restaurant.table", "pk": 55, "fields": {"number": 1, "row": 1, "column": 1, "people": 0, "currently_free": true, "restaurant": 3}}, {"model": "restaurant.table", "pk": 56, "fields": {"number": 2, "row": 1, "column": 2, "people": 0, "currently_free": true, "restaurant": 3}}, {"model": "restaurant.table", "pk": 57, "fields": {"number": 3, "row": 2, "column": 1, "people": 0, "currently_free": true, "restaurant": 3}}, {"model": "restaurant.table", "pk": 58, "fields": {"number": 4, "row": 2, "column": 2, "people": 0, "currently_free": true, "restaurant": 3}}, {"model": "restaurant.table", "pk": 71, "fields": {"number": 4, "row": 2, "column": 2, "people": 0, "currently_free": true, "restaurant": 10}}, {"model": "restaurant.table", "pk": 72, "fields": {"number": 1, "row": 1, "column": 1, "people": 0, "currently_free": true, "restaurant": 10}}, {"model": "restaurant.table", "pk": 73, "fields": {"number": 1, "row": 1, "column": 1, "people": 0, "currently_free": true, "restaurant": 10}}, {"model": "restaurant.table", "pk": 74, "fields": {"number": 2, "row": 1, "column": 2, "people": 0, "currently_free": true, "restaurant": 10}}, {"model": "restaurant.table", "pk": 75, "fields": {"number": 3, "row": 2, "column": 1, "people": 0, "currently_free": true, "restaurant": 10}}, {"model": "restaurant.table", "pk": 76, "fields": {"number": 4, "row": 2, "column": 2, "people": 0, "currently_free": true, "restaurant": 10}}, {"model": "restaurant.friendship", "pk": 1, "fields": {"user": 1, "friend": 2, "started": "2016-02-20T15:17:34.802Z"}}, {"model": "restaurant.friendship", "pk": 2, "fields": {"user": 2, "friend": 6, "started": "2016-02-22T02:33:59.925Z"}}, {"model": "restaurant.reservation", "pk": 1, "fields": {"coming": "2016-02-05T15:00:00Z", "duration": 2, "guest": 1, "restaurant": 6, "number_guest": 0}}, {"model": "restaurant.reservation", "pk": 2, "fields": {"coming": "2016-02-03T13:00:00Z", "duration": 1, "guest": 1, "restaurant": 6, "number_guest": 0}}, {"model": "restaurant.reservation", "pk": 3, "fields": {"coming": "2016-02-11T09:00:00Z", "duration": 1, "guest": 2, "restaurant": 1, "number_guest": 0}}, {"model": "restaurant.reservation", "pk": 53, "fields": {"coming": "2016-02-29T10:38:38Z", "duration": 2, "guest": 2, "restaurant": 1, "number_guest": 0}}, {"model": "restaurant.reservation", "pk": 55, "fields": {"coming": "2020-06-16T12:40:36Z", "duration": 2, "guest": 18, "restaurant": 10, "number_guest": 0}}, {"model": "restaurant.reservation", "pk": 56, "fields": {"coming": "2020-06-16T12:40:36Z", "duration": 2, "guest": 18, "restaurant": 10, "number_guest": 0}}, {"model": "restaurant.reservation", "pk": 57, "fields": {"coming": "2020-06-16T12:40:36Z", "duration": 2, "guest": 18, "restaurant": 10, "number_guest": 0}}, {"model": "restaurant.reservation", "pk": 58, "fields": {"coming": "2020-06-16T12:40:36Z", "duration": 2, "guest": 18, "restaurant": 10, "number_guest": 0}}, {"model": "restaurant.reservation", "pk": 59, "fields": {"coming": "2020-06-23T12:46:18Z", "duration": 1, "guest": 18, "restaurant": 10, "number_guest": 0}}, {"model": "restaurant.reservation", "pk": 60, "fields": {"coming": "2020-06-18T23:27:01Z", "duration": 1, "guest": 18, "restaurant": 10, "number_guest": 0}}, {"model": "restaurant.reservation", "pk": 61, "fields": {"coming": "2020-06-07T20:30:52Z", "duration": 1, "guest": 18, "restaurant": 1, "number_guest": 0}}, {"model": "restaurant.reservation", "pk": 62, "fields": {"coming": "2020-06-05T23:37:28Z", "duration": 3, "guest": 18, "restaurant": 10, "number_guest": 0}}, {"model": "restaurant.reservation", "pk": 63, "fields": {"coming": "2020-06-13T23:26:13Z", "duration": 1, "guest": 18, "restaurant": 10, "number_guest": 0}}, {"model": "restaurant.reservation", "pk": 64, "fields": {"coming": "2020-06-08T23:26:45Z", "duration": 1, "guest": 18, "restaurant": 10, "number_guest": 0}}, {"model": "restaurant.reservation", "pk": 65, "fields": {"coming": "2020-06-07T23:26:58Z", "duration": 1, "guest": 18, "restaurant": 10, "number_guest": 0}}, {"model": "restaurant.reservation", "pk": 66, "fields": {"coming": "2020-06-06T23:34:53Z", "duration": 1, "guest": 18, "restaurant": 10, "number_guest": 0}}, {"model": "restaurant.reservedtables", "pk": 1, "fields": {"reservation": 1, "table": 43}}, {"model": "restaurant.reservedtables", "pk": 2, "fields": {"reservation": 1, "table": 44}}, {"model": "restaurant.reservedtables", "pk": 3, "fields": {"reservation": 2, "table": 45}}, {"model": "restaurant.reservedtables", "pk": 4, "fields": {"reservation": 3, "table": 10}}, {"model": "restaurant.reservedtables", "pk": 5, "fields": {"reservation": 3, "table": 11}}, {"model": "restaurant.reservedtables", "pk": 40, "fields": {"reservation": 53, "table": 16}}, {"model": "restaurant.reservedtables", "pk": 41, "fields": {"reservation": 53, "table": 21}}, {"model": "restaurant.reservedtables", "pk": 42, "fields": {"reservation": 53, "table": 27}}, {"model": "restaurant.reservedtables", "pk": 43, "fields": {"reservation": 58, "table": 71}}, {"model": "restaurant.reservedtables", "pk": 44, "fields": {"reservation": 59, "table": 72}}, {"model": "restaurant.reservedtables", "pk": 45, "fields": {"reservation": 60, "table": 72}}, {"model": "restaurant.reservedtables", "pk": 46, "fields": {"reservation": 61, "table": 12}}, {"model": "restaurant.reservedtables", "pk": 47, "fields": {"reservation": 61, "table": 12}}, {"model": "restaurant.visit", "pk": 1, "fields": {"ending_time": "2016-02-05T17:00:00Z", "grade": 4, "confirmed": true, "reservation": 1, "guest": 1}}, {"model": "restaurant.visit", "pk": 2, "fields": {"ending_time": "2016-02-05T17:00:00Z", "grade": 5, "confirmed": true, "reservation": 1, "guest": 2}}, {"model": "restaurant.visit", "pk": 3, "fields": {"ending_time": "2016-02-03T14:00:00Z", "grade": 5, "confirmed": true, "reservation": 2, "guest": 1}}, {"model": "restaurant.visit", "pk": 4, "fields": {"ending_time": "2016-02-11T10:00:00Z", "grade": 4, "confirmed": true, "reservation": 3, "guest": 2}}, {"model": "restaurant.visit", "pk": 36, "fields": {"ending_time": "2016-02-29T12:38:38Z", "grade": null, "confirmed": true, "reservation": 53, "guest": 2}}, {"model": "restaurant.visit", "pk": 37, "fields": {"ending_time": "2020-06-16T14:40:36Z", "grade": null, "confirmed": true, "reservation": 58, "guest": 18}}, {"model": "restaurant.visit", "pk": 38, "fields": {"ending_time": "2020-06-23T13:46:18Z", "grade": null, "confirmed": true, "reservation": 59, "guest": 18}}, {"model": "restaurant.visit", "pk": 39, "fields": {"ending_time": "2020-06-19T00:27:01Z", "grade": null, "confirmed": true, "reservation": 60, "guest": 18}}, {"model": "restaurant.visit", "pk": 40, "fields": {"ending_time": "2020-06-08T00:30:52Z", "grade": null, "confirmed": true, "reservation": 61, "guest": 18}}, {"model": "restaurant.visit", "pk": 41, "fields": {"ending_time": "2020-06-08T00:30:52Z", "grade": null, "confirmed": true, "reservation": 61, "guest": 18}}, {"model": "contenttypes.contenttype", "pk": 1, "fields": {"app_label": "admin", "model": "logentry"}}, {"model": "contenttypes.contenttype", "pk": 2, "fields": {"app_label": "auth", "model": "permission"}}, {"model": "contenttypes.contenttype", "pk": 3, "fields": {"app_label": "auth", "model": "group"}}, {"model": "contenttypes.contenttype", "pk": 4, "fields": {"app_label": "auth", "model": "user"}}, {"model": "contenttypes.contenttype", "pk": 5, "fields": {"app_label": "contenttypes", "model": "contenttype"}}, {"model": "contenttypes.contenttype", "pk": 6, "fields": {"app_label": "sessions", "model": "session"}}, {"model": "contenttypes.contenttype", "pk": 7, "fields": {"app_label": "restaurant", "model": "restaurant"}}, {"model": "contenttypes.contenttype", "pk": 8, "fields": {"app_label": "restaurant", "model": "menuitem"}}, {"model": "contenttypes.contenttype", "pk": 9, "fields": {"app_label": "restaurant", "model": "table"}}, {"model": "contenttypes.contenttype", "pk": 10, "fields": {"app_label": "restaurant", "model": "guest"}}, {"model": "contenttypes.contenttype", "pk": 11, "fields": {"app_label": "restaurant", "model": "manager"}}, {"model": "contenttypes.contenttype", "pk": 12, "fields": {"app_label": "restaurant", "model": "friendship"}}, {"model": "contenttypes.contenttype", "pk": 13, "fields": {"app_label": "restaurant", "model": "reservation"}}, {"model": "contenttypes.contenttype", "pk": 14, "fields": {"app_label": "restaurant", "model": "reservedtables"}}, {"model": "contenttypes.contenttype", "pk": 15, "fields": {"app_label": "restaurant", "model": "visit"}}, {"model": "contenttypes.contenttype", "pk": 16, "fields": {"app_label": "restaurant", "model": "reservebyhour"}}, {"model": "sessions.session", "pk": "30tijinb7l4ie4pbvkij992zs8glfima", "fields": {"session_data": "NjNlNDRiNGVlZTMyNWU2NjVjYWEyZWIxMjRmY2VmNDliNTA5ZDU4ZTp7Il9hdXRoX3VzZXJfaWQiOiIyOSIsIl9hdXRoX3VzZXJfYmFja2VuZCI6ImRqYW5nby5jb250cmliLmF1dGguYmFja2VuZHMuTW9kZWxCYWNrZW5kIiwiX2F1dGhfdXNlcl9oYXNoIjoiYWUxZWZjYzQ3Y2ZiZjg3NWI4MmQ4YTc2ZjZmOGQxNjJjOWQ2OTIyMCJ9", "expire_date": "2020-06-18T15:05:49.508Z"}}, {"model": "sessions.session", "pk": "79qupseg2d90dm8nm9crf9amlr4ae1nq", "fields": {"session_data": "YmI3ZjMxNjMzY2FiMDYwNGIyZTY2ZTIxZmUzNWEzZTY0NWUzY2VmOTp7Il9hdXRoX3VzZXJfaWQiOiIxIiwiX2F1dGhfdXNlcl9iYWNrZW5kIjoiZGphbmdvLmNvbnRyaWIuYXV0aC5iYWNrZW5kcy5Nb2RlbEJhY2tlbmQiLCJfYXV0aF91c2VyX2hhc2giOiI3YWZjMzI0MmRlNDlkNjVjNmI3NGUyMDhiNjZlNzUyYjA0MzhmMWIxIn0=", "expire_date": "2016-03-08T18:26:44.230Z"}}, {"model": "sessions.session", "pk": "925v0ruvycdmb0vvsi5rw92q985wx3o7", "fields": {"session_data": "NjNlNDRiNGVlZTMyNWU2NjVjYWEyZWIxMjRmY2VmNDliNTA5ZDU4ZTp7Il9hdXRoX3VzZXJfaWQiOiIyOSIsIl9hdXRoX3VzZXJfYmFja2VuZCI6ImRqYW5nby5jb250cmliLmF1dGguYmFja2VuZHMuTW9kZWxCYWNrZW5kIiwiX2F1dGhfdXNlcl9oYXNoIjoiYWUxZWZjYzQ3Y2ZiZjg3NWI4MmQ4YTc2ZjZmOGQxNjJjOWQ2OTIyMCJ9", "expire_date": "2020-06-21T04:34:03.838Z"}}, {"model": "sessions.session", "pk": "dvueqyjd89lzweklwzexcjwlj6w3zrfe", "fields": {"session_data": "Nzk5ZTAyMGJjZmFiMWNlNzlhMzY1MDNmMGRhMWZmOWZjZjE4ZTM3OTp7fQ==", "expire_date": "2020-06-18T18:52:28.372Z"}}, {"model": "sessions.session", "pk": "hepdzuiwmmywqpq4qiyd1yg9q93pb36o", "fields": {"session_data": "NjNlNDRiNGVlZTMyNWU2NjVjYWEyZWIxMjRmY2VmNDliNTA5ZDU4ZTp7Il9hdXRoX3VzZXJfaWQiOiIyOSIsIl9hdXRoX3VzZXJfYmFja2VuZCI6ImRqYW5nby5jb250cmliLmF1dGguYmFja2VuZHMuTW9kZWxCYWNrZW5kIiwiX2F1dGhfdXNlcl9oYXNoIjoiYWUxZWZjYzQ3Y2ZiZjg3NWI4MmQ4YTc2ZjZmOGQxNjJjOWQ2OTIyMCJ9", "expire_date": "2020-06-20T00:10:19.581Z"}}, {"model": "sessions.session", "pk": "po31eh632faa78qp0g6aqh9mgcow7tyt", "fields": {"session_data": "NjNlNDRiNGVlZTMyNWU2NjVjYWEyZWIxMjRmY2VmNDliNTA5ZDU4ZTp7Il9hdXRoX3VzZXJfaWQiOiIyOSIsIl9hdXRoX3VzZXJfYmFja2VuZCI6ImRqYW5nby5jb250cmliLmF1dGguYmFja2VuZHMuTW9kZWxCYWNrZW5kIiwiX2F1dGhfdXNlcl9oYXNoIjoiYWUxZWZjYzQ3Y2ZiZjg3NWI4MmQ4YTc2ZjZmOGQxNjJjOWQ2OTIyMCJ9", "expire_date": "2020-06-20T17:16:54.503Z"}}, {"model": "sessions.session", "pk": "riij1oo49oyh4mwmkr5h0yetrta6f7t9", "fields": {"session_data": "YmIzNWQxNDRmMDdjNzU4NGY5NTliOWJiMjQ5N2NjODFlNGI3NTkxNDp7Il9hdXRoX3VzZXJfaGFzaCI6IjA1YTRjNTk5MjFlMTIwZDI2YjNmZGI0Y2ZjMmQwYTEzMDVhMzJlZjgiLCJfYXV0aF91c2VyX2JhY2tlbmQiOiJkamFuZ28uY29udHJpYi5hdXRoLmJhY2tlbmRzLk1vZGVsQmFja2VuZCIsIl9hdXRoX3VzZXJfaWQiOiIyIn0=", "expire_date": "2016-03-13T09:36:51.651Z"}}, {"model": "auth.permission", "pk": 1, "fields": {"name": "Can add log entry", "content_type": 1, "codename": "add_logentry"}}, {"model": "auth.permission", "pk": 2, "fields": {"name": "Can change log entry", "content_type": 1, "codename": "change_logentry"}}, {"model": "auth.permission", "pk": 3, "fields": {"name": "Can delete log entry", "content_type": 1, "codename": "delete_logentry"}}, {"model": "auth.permission", "pk": 4, "fields": {"name": "Can add permission", "content_type": 2, "codename": "add_permission"}}, {"model": "auth.permission", "pk": 5, "fields": {"name": "Can change permission", "content_type": 2, "codename": "change_permission"}}, {"model": "auth.permission", "pk": 6, "fields": {"name": "Can delete permission", "content_type": 2, "codename": "delete_permission"}}, {"model": "auth.permission", "pk": 7, "fields": {"name": "Can add group", "content_type": 3, "codename": "add_group"}}, {"model": "auth.permission", "pk": 8, "fields": {"name": "Can change group", "content_type": 3, "codename": "change_group"}}, {"model": "auth.permission", "pk": 9, "fields": {"name": "Can delete group", "content_type": 3, "codename": "delete_group"}}, {"model": "auth.permission", "pk": 10, "fields": {"name": "Can add user", "content_type": 4, "codename": "add_user"}}, {"model": "auth.permission", "pk": 11, "fields": {"name": "Can change user", "content_type": 4, "codename": "change_user"}}, {"model": "auth.permission", "pk": 12, "fields": {"name": "Can delete user", "content_type": 4, "codename": "delete_user"}}, {"model": "auth.permission", "pk": 13, "fields": {"name": "Can add content type", "content_type": 5, "codename": "add_contenttype"}}, {"model": "auth.permission", "pk": 14, "fields": {"name": "Can change content type", "content_type": 5, "codename": "change_contenttype"}}, {"model": "auth.permission", "pk": 15, "fields": {"name": "Can delete content type", "content_type": 5, "codename": "delete_contenttype"}}, {"model": "auth.permission", "pk": 16, "fields": {"name": "Can add session", "content_type": 6, "codename": "add_session"}}, {"model": "auth.permission", "pk": 17, "fields": {"name": "Can change session", "content_type": 6, "codename": "change_session"}}, {"model": "auth.permission", "pk": 18, "fields": {"name": "Can delete session", "content_type": 6, "codename": "delete_session"}}, {"model": "auth.permission", "pk": 19, "fields": {"name": "Can add restaurant", "content_type": 7, "codename": "add_restaurant"}}, {"model": "auth.permission", "pk": 20, "fields": {"name": "Can change restaurant", "content_type": 7, "codename": "change_restaurant"}}, {"model": "auth.permission", "pk": 21, "fields": {"name": "Can delete restaurant", "content_type": 7, "codename": "delete_restaurant"}}, {"model": "auth.permission", "pk": 22, "fields": {"name": "Can add menu item", "content_type": 8, "codename": "add_menuitem"}}, {"model": "auth.permission", "pk": 23, "fields": {"name": "Can change menu item", "content_type": 8, "codename": "change_menuitem"}}, {"model": "auth.permission", "pk": 24, "fields": {"name": "Can delete menu item", "content_type": 8, "codename": "delete_menuitem"}}, {"model": "auth.permission", "pk": 25, "fields": {"name": "Can add table", "content_type": 9, "codename": "add_table"}}, {"model": "auth.permission", "pk": 26, "fields": {"name": "Can change table", "content_type": 9, "codename": "change_table"}}, {"model": "auth.permission", "pk": 27, "fields": {"name": "Can delete table", "content_type": 9, "codename": "delete_table"}}, {"model": "auth.permission", "pk": 28, "fields": {"name": "Can add guest", "content_type": 10, "codename": "add_guest"}}, {"model": "auth.permission", "pk": 29, "fields": {"name": "Can change guest", "content_type": 10, "codename": "change_guest"}}, {"model": "auth.permission", "pk": 30, "fields": {"name": "Can delete guest", "content_type": 10, "codename": "delete_guest"}}, {"model": "auth.permission", "pk": 31, "fields": {"name": "Can add manager", "content_type": 11, "codename": "add_manager"}}, {"model": "auth.permission", "pk": 32, "fields": {"name": "Can change manager", "content_type": 11, "codename": "change_manager"}}, {"model": "auth.permission", "pk": 33, "fields": {"name": "Can delete manager", "content_type": 11, "codename": "delete_manager"}}, {"model": "auth.permission", "pk": 34, "fields": {"name": "Can add friendship", "content_type": 12, "codename": "add_friendship"}}, {"model": "auth.permission", "pk": 35, "fields": {"name": "Can change friendship", "content_type": 12, "codename": "change_friendship"}}, {"model": "auth.permission", "pk": 36, "fields": {"name": "Can delete friendship", "content_type": 12, "codename": "delete_friendship"}}, {"model": "auth.permission", "pk": 37, "fields": {"name": "Can add reservation", "content_type": 13, "codename": "add_reservation"}}, {"model": "auth.permission", "pk": 38, "fields": {"name": "Can change reservation", "content_type": 13, "codename": "change_reservation"}}, {"model": "auth.permission", "pk": 39, "fields": {"name": "Can delete reservation", "content_type": 13, "codename": "delete_reservation"}}, {"model": "auth.permission", "pk": 40, "fields": {"name": "Can add reserved tables", "content_type": 14, "codename": "add_reservedtables"}}, {"model": "auth.permission", "pk": 41, "fields": {"name": "Can change reserved tables", "content_type": 14, "codename": "change_reservedtables"}}, {"model": "auth.permission", "pk": 42, "fields": {"name": "Can delete reserved tables", "content_type": 14, "codename": "delete_reservedtables"}}, {"model": "auth.permission", "pk": 43, "fields": {"name": "Can add visit", "content_type": 15, "codename": "add_visit"}}, {"model": "auth.permission", "pk": 44, "fields": {"name": "Can change visit", "content_type": 15, "codename": "change_visit"}}, {"model": "auth.permission", "pk": 45, "fields": {"name": "Can delete visit", "content_type": 15, "codename": "delete_visit"}}, {"model": "auth.permission", "pk": 46, "fields": {"name": "Can add reserve by hour", "content_type": 16, "codename": "add_reservebyhour"}}, {"model": "auth.permission", "pk": 47, "fields": {"name": "Can change reserve by hour", "content_type": 16, "codename": "change_reservebyhour"}}, {"model": "auth.permission", "pk": 48, "fields": {"name": "Can delete reserve by hour", "content_type": 16, "codename": "delete_reservebyhour"}}, {"model": "auth.user", "pk": 1, "fields": {"password": "pbkdf2_sha256$24000$driyRsc0nQ0Y$Ni3tuwUz+afNftLcBfagX/L+JFaSBMrNqPk5PzTMrQo=", "last_login": "2016-02-23T18:26:44.141Z", "is_superuser": true, "username": "admin", "first_name": "Dragan", "last_name": "Vidakovic", "email": "", "is_staff": true, "is_active": true, "date_joined": "2016-02-19T20:15:11Z", "groups": [], "user_permissions": []}}, {"model": "auth.user", "pk": 2, "fields": {"password": "pbkdf2_sha256$24000$qpIyXFgHvini$7xSRRv+DZA+4UWIbVhNxcuwi9pF040a89hAnD/GSn0c=", "last_login": "2016-02-28T09:36:51.527Z", "is_superuser": false, "username": "pera@mail.com", "first_name": "Pera", "last_name": "Peric", "email": "pera@mail.com", "is_staff": false, "is_active": true, "date_joined": "2016-02-20T15:11:57Z", "groups": [], "user_permissions": []}}, {"model": "auth.user", "pk": 3, "fields": {"password": "pbkdf2_sha256$24000$AKIIzWTF7Nvz$FfBW1EAR8KDel+fLdvLoAR36XeeXkmsKFvvXNsAdYoI=", "last_login": "2016-02-23T15:16:44.213Z", "is_superuser": false, "username": "mika@mail.com", "first_name": "Mika", "last_name": "Mikic", "email": "mika@mail.com", "is_staff": false, "is_active": true, "date_joined": "2016-02-20T15:15:32Z", "groups": [], "user_permissions": []}}, {"model": "auth.user", "pk": 4, "fields": {"password": "pbkdf2_sha256$24000$JV4zi7ZV46FO$VTW8ui7aui618WaM3n4JMUeDjStMgQ9eo58sTo1fKbI=", "last_login": "2016-02-23T15:10:48.573Z", "is_superuser": false, "username": "toster@mail.com", "first_name": "Toster", "last_name": "Manager", "email": "toster@mail.com", "is_staff": true, "is_active": true, "date_joined": "2016-02-20T15:41:38Z", "groups": [], "user_permissions": []}}, {"model": "auth.user", "pk": 6, "fields": {"password": "pbkdf2_sha256$24000$08M45PYqcyQc$K8If8bSJ+KFBvTQdMeswkGU/ALpk+876lpmCQh+7ITA=", "last_login": "2016-02-21T18:54:52.050Z", "is_superuser": false, "username": "macchiato@mail.com", "first_name": "Macchiato", "last_name": "Manager", "email": "macchiato@mail.com", "is_staff": true, "is_active": true, "date_joined": "2016-02-20T15:56:23Z", "groups": [], "user_permissions": []}}, {"model": "auth.user", "pk": 7, "fields": {"password": "pbkdf2_sha256$24000$joZeSrLJLe4N$mRnU87yIozlmxPgG3teCGn0q81774z2aUwIZcj8BfAo=", "last_login": "2016-02-22T00:23:48.171Z", "is_superuser": false, "username": "minuta@mail.com", "first_name": "Minuta", "last_name": "Manager", "email": "minuta@mail.com", "is_staff": true, "is_active": true, "date_joined": "2016-02-21T17:56:26Z", "groups": [], "user_permissions": []}}, {"model": "auth.user", "pk": 16, "fields": {"password": "pbkdf2_sha256$24000$XreK68iMT2YO$ATtnJ61oxP9VYmXB+uCXow7vlzVHUmswW2VsTc9Oa5c=", "last_login": "2016-02-23T14:17:45.320Z", "is_superuser": false, "username": "zika@mail.com", "first_name": "Zika", "last_name": "Zikic", "email": "zika@mail.com", "is_staff": false, "is_active": true, "date_joined": "2016-02-21T21:58:11Z", "groups": [], "user_permissions": []}}, {"model": "auth.user", "pk": 29, "fields": {"password": "pbkdf2_sha256$36000$CXVHke1wzpOr$vVwKghs1NKA+h8o59AgbvUir2HR1gXOV2HtiawtRPsk=", "last_login": "2020-06-07T04:34:03.799Z", "is_superuser": true, "username": "stefaniaArias", "first_name": "Stefania", "last_name": "Arias", "email": "stefany082011@gmail.com", "is_staff": true, "is_active": true, "date_joined": "2020-06-04T14:33:13Z", "groups": [], "user_permissions": [1, 2, 3, 7, 8, 9, 4, 5, 6, 10, 11, 12, 13, 14, 15, 34, 35, 36, 28, 29, 30, 31, 32, 33, 22, 23, 24, 37, 38, 39, 40, 41, 42, 19, 20, 21, 25, 26, 27, 43, 44, 45, 16, 17, 18]}}, {"model": "auth.user", "pk": 30, "fields": {"password": "pbkdf2_sha256$36000$OgYnFbCWxQQw$4bG0lLQ8kApXkw35ibNUTej405AKywd06uRBiKtS3GY=", "last_login": null, "is_superuser": false, "username": "tefi@gmail.com", "first_name": "", "last_name": "", "email": "tefi@gmail.com", "is_staff": false, "is_active": false, "date_joined": "2020-06-04T14:35:22.431Z", "groups": [], "user_permissions": []}}, {"model": "auth.user", "pk": 31, "fields": {"password": "pbkdf2_sha256$36000$vhP5uFNjjqmB$DcTsQ9ss5hYNmbCZ+ObasNbjpHO+9blUfN9B2JWCROo=", "last_login": null, "is_superuser": false, "username": "restonuevo", "first_name": "Lucas", "last_name": "Garcia", "email": "lucas021213@gmail.com", "is_staff": false, "is_active": true, "date_joined": "2020-06-04T14:46:05Z", "groups": [], "user_permissions": [34, 35, 36, 28, 29, 30, 31, 32, 33, 22, 23, 24, 37, 38, 39, 40, 41, 42, 19, 20, 21, 25, 26, 27, 43, 44, 45, 16, 17, 18]}}, {"model": "auth.user", "pk": 32, "fields": {"password": "pbkdf2_sha256$36000$mymiymdBDweP$8ETlAnd8dW/z9AZzt1Od5OZyq8KLwuxLa6DnkS8OqOA=", "last_login": null, "is_superuser": false, "username": "lucas021213@gmail.com", "first_name": "", "last_name": "", "email": "lucas021213@gmail.com", "is_staff": false, "is_active": false, "date_joined": "2020-06-04T14:48:23Z", "groups": [], "user_permissions": [34, 35, 36, 28, 29, 30, 31, 32, 33, 22, 23, 24, 37, 38, 39, 40, 41, 42, 19, 20, 21, 25, 26, 27, 43, 44, 45, 16, 17, 18]}}, {"model": "auth.user", "pk": 33, "fields": {"password": "pbkdf2_sha256$36000$u3QFmJbVrz1s$Y/M/+VkZIWk2GU98i/SvwKXNAofK29LfBZoaAs+EpTw=", "last_login": null, "is_superuser": false, "username": "josecanseco", "first_name": "Jose", "last_name": "Canseco", "email": "algo@mail.com", "is_staff": false, "is_active": true, "date_joined": "2020-06-04T14:51:22Z", "groups": [], "user_permissions": [34, 35, 36, 28, 29, 30, 31, 32, 33, 22, 23, 24, 37, 38, 39, 40, 41, 42, 19, 20, 21, 25, 26, 27, 43, 44, 45, 16, 17, 18]}}, {"model": "auth.user", "pk": 34, "fields": {"password": "pbkdf2_sha256$36000$khv5Wl0hxrAd$qDCvzIyflcosdQ0u2+QnXwNVgUYd7zxfIlIqhKdp9nU=", "last_login": null, "is_superuser": false, "username": "1@1", "first_name": "", "last_name": "", "email": "1@1", "is_staff": false, "is_active": false, "date_joined": "2020-06-04T14:55:53.232Z", "groups": [], "user_permissions": []}}, {"model": "auth.user", "pk": 35, "fields": {"password": "pbkdf2_sha256$36000$bbRn225JSZuu$0FnRXsl7Ld0Kpsft1Ta/EWSdg4z1fLy1oEEVfkkiZQA=", "last_login": "2020-06-06T02:12:33.447Z", "is_superuser": false, "username": "Axel", "first_name": "Axel", "last_name": "Fernandez", "email": "atcel@gmail.com", "is_staff": false, "is_active": true, "date_joined": "2020-06-04T15:36:43Z", "groups": [], "user_permissions": [28, 29, 30]}}, {"model": "admin.logentry", "pk": 1, "fields": {"action_time": "2016-02-19T20:16:39.268Z", "user": 1, "content_type": 4, "object_id": "1", "object_repr": "admin", "action_flag": 2, "change_message": "Changed first_name and last_name."}}, {"model": "admin.logentry", "pk": 2, "fields": {"action_time": "2016-02-20T15:11:57.737Z", "user": 1, "content_type": 4, "object_id": "2", "object_repr": "pera@mail.com", "action_flag": 1, "change_message": "Added."}}, {"model": "admin.logentry", "pk": 3, "fields": {"action_time": "2016-02-20T15:12:36.204Z", "user": 1, "content_type": 4, "object_id": "2", "object_repr": "pera@mail.com", "action_flag": 2, "change_message": "Changed first_name, last_name, email and is_staff."}}, {"model": "admin.logentry", "pk": 4, "fields": {"action_time": "2016-02-20T15:12:46.373Z", "user": 1, "content_type": 4, "object_id": "2", "object_repr": "pera@mail.com", "action_flag": 2, "change_message": "Changed is_staff."}}, {"model": "admin.logentry", "pk": 5, "fields": {"action_time": "2016-02-20T15:15:32.429Z", "user": 1, "content_type": 4, "object_id": "3", "object_repr": "mika@mail.com", "action_flag": 1, "change_message": "Added."}}, {"model": "admin.logentry", "pk": 6, "fields": {"action_time": "2016-02-20T15:15:48.470Z", "user": 1, "content_type": 4, "object_id": "3", "object_repr": "mika@mail.com", "action_flag": 2, "change_message": "Changed first_name, last_name and email."}}, {"model": "admin.logentry", "pk": 7, "fields": {"action_time": "2016-02-20T15:16:45.903Z", "user": 1, "content_type": 10, "object_id": "1", "object_repr": "Mika Mikic", "action_flag": 1, "change_message": "Added."}}, {"model": "admin.logentry", "pk": 8, "fields": {"action_time": "2016-02-20T15:17:08.954Z", "user": 1, "content_type": 10, "object_id": "2", "object_repr": "Pera Peric", "action_flag": 1, "change_message": "Added."}}, {"model": "admin.logentry", "pk": 9, "fields": {"action_time": "2016-02-20T15:17:34.807Z", "user": 1, "content_type": 12, "object_id": "1", "object_repr": "Mika Mikic and Pera Peric", "action_flag": 1, "change_message": "Added."}}, {"model": "admin.logentry", "pk": 10, "fields": {"action_time": "2016-02-20T15:18:47.024Z", "user": 1, "content_type": 7, "object_id": "1", "object_repr": "Macchiato Liman", "action_flag": 1, "change_message": "Added."}}, {"model": "admin.logentry", "pk": 11, "fields": {"action_time": "2016-02-20T15:18:55.416Z", "user": 1, "content_type": 7, "object_id": "1", "object_repr": "Macchiato Liman", "action_flag": 2, "change_message": "No fields changed."}}, {"model": "admin.logentry", "pk": 12, "fields": {"action_time": "2016-02-20T15:19:46.980Z", "user": 1, "content_type": 7, "object_id": "2", "object_repr": "Minuta Spens", "action_flag": 1, "change_message": "Added."}}, {"model": "admin.logentry", "pk": 13, "fields": {"action_time": "2016-02-20T15:20:55.975Z", "user": 1, "content_type": 7, "object_id": "3", "object_repr": "Toster", "action_flag": 1, "change_message": "Added."}}, {"model": "admin.logentry", "pk": 14, "fields": {"action_time": "2016-02-20T15:31:51.733Z", "user": 1, "content_type": 7, "object_id": "2", "object_repr": "Minuta Spens", "action_flag": 2, "change_message": "Changed is_ready."}}, {"model": "admin.logentry", "pk": 15, "fields": {"action_time": "2016-02-20T15:31:58.544Z", "user": 1, "content_type": 7, "object_id": "2", "object_repr": "Minuta Spens", "action_flag": 2, "change_message": "No fields changed."}}, {"model": "admin.logentry", "pk": 16, "fields": {"action_time": "2016-02-20T15:32:06.645Z", "user": 1, "content_type": 9, "object_id": "5", "object_repr": "5", "action_flag": 2, "change_message": "No fields changed."}}, {"model": "admin.logentry", "pk": 17, "fields": {"action_time": "2016-02-20T15:33:02.544Z", "user": 1, "content_type": 9, "object_id": "6", "object_repr": "Toster 1", "action_flag": 1, "change_message": "Added."}}, {"model": "admin.logentry", "pk": 18, "fields": {"action_time": "2016-02-20T15:33:12.453Z", "user": 1, "content_type": 9, "object_id": "7", "object_repr": "Toster 2", "action_flag": 1, "change_message": "Added."}}, {"model": "admin.logentry", "pk": 19, "fields": {"action_time": "2016-02-20T15:33:18.626Z", "user": 1, "content_type": 9, "object_id": "8", "object_repr": "Toster 3", "action_flag": 1, "change_message": "Added."}}, {"model": "admin.logentry", "pk": 20, "fields": {"action_time": "2016-02-20T15:33:25.485Z", "user": 1, "content_type": 9, "object_id": "9", "object_repr": "Toster 4", "action_flag": 1, "change_message": "Added."}}, {"model": "admin.logentry", "pk": 21, "fields": {"action_time": "2016-02-20T15:33:34.487Z", "user": 1, "content_type": 7, "object_id": "3", "object_repr": "Toster", "action_flag": 2, "change_message": "Changed is_ready."}}, {"model": "admin.logentry", "pk": 22, "fields": {"action_time": "2016-02-20T15:35:24.911Z", "user": 1, "content_type": 8, "object_id": "1", "object_repr": "Mali Giros", "action_flag": 1, "change_message": "Added."}}, {"model": "admin.logentry", "pk": 23, "fields": {"action_time": "2016-02-20T15:35:40.552Z", "user": 1, "content_type": 8, "object_id": "2", "object_repr": "Veliki Giros", "action_flag": 1, "change_message": "Added."}}, {"model": "admin.logentry", "pk": 24, "fields": {"action_time": "2016-02-20T15:35:51.138Z", "user": 1, "content_type": 8, "object_id": "3", "object_repr": "Indeks", "action_flag": 1, "change_message": "Added."}}, {"model": "admin.logentry", "pk": 25, "fields": {"action_time": "2016-02-20T15:36:18.221Z", "user": 1, "content_type": 8, "object_id": "4", "object_repr": "Mali pomfrit", "action_flag": 1, "change_message": "Added."}}, {"model": "admin.logentry", "pk": 26, "fields": {"action_time": "2016-02-20T15:38:22.258Z", "user": 1, "content_type": 8, "object_id": "5", "object_repr": "Toster", "action_flag": 1, "change_message": "Added."}}, {"model": "admin.logentry", "pk": 27, "fields": {"action_time": "2016-02-20T15:38:39.587Z", "user": 1, "content_type": 8, "object_id": "6", "object_repr": "Hrskava", "action_flag": 1, "change_message": "Added."}}, {"model": "admin.logentry", "pk": 28, "fields": {"action_time": "2016-02-20T15:38:53.697Z", "user": 1, "content_type": 8, "object_id": "7", "object_repr": "Dupla", "action_flag": 1, "change_message": "Added."}}, {"model": "admin.logentry", "pk": 29, "fields": {"action_time": "2016-02-20T15:39:12.264Z", "user": 1, "content_type": 8, "object_id": "8", "object_repr": "Toster Monster", "action_flag": 1, "change_message": "Added."}}, {"model": "admin.logentry", "pk": 30, "fields": {"action_time": "2016-02-20T15:41:39.038Z", "user": 1, "content_type": 4, "object_id": "4", "object_repr": "toster@mail.com", "action_flag": 1, "change_message": "Added."}}, {"model": "admin.logentry", "pk": 31, "fields": {"action_time": "2016-02-20T15:42:16.088Z", "user": 1, "content_type": 4, "object_id": "4", "object_repr": "toster@mail.com", "action_flag": 2, "change_message": "Changed first_name, last_name, email and is_staff."}}, {"model": "admin.logentry", "pk": 32, "fields": {"action_time": "2016-02-20T15:52:45.454Z", "user": 1, "content_type": 4, "object_id": "5", "object_repr": "minuta@mail.com", "action_flag": 1, "change_message": "Added."}}, {"model": "admin.logentry", "pk": 33, "fields": {"action_time": "2016-02-20T15:55:35.235Z", "user": 1, "content_type": 4, "object_id": "5", "object_repr": "minuta@mail.com", "action_flag": 2, "change_message": "Changed first_name, last_name, email and is_staff."}}, {"model": "admin.logentry", "pk": 34, "fields": {"action_time": "2016-02-20T15:56:23.305Z", "user": 1, "content_type": 4, "object_id": "6", "object_repr": "macchiato@mail.com", "action_flag": 1, "change_message": "Added."}}, {"model": "admin.logentry", "pk": 35, "fields": {"action_time": "2016-02-20T15:57:13.517Z", "user": 1, "content_type": 4, "object_id": "6", "object_repr": "macchiato@mail.com", "action_flag": 2, "change_message": "Changed first_name, last_name, email and is_staff."}}, {"model": "admin.logentry", "pk": 36, "fields": {"action_time": "2016-02-20T20:10:05.132Z", "user": 1, "content_type": 11, "object_id": "1", "object_repr": "Minuta Manager", "action_flag": 1, "change_message": "Added."}}, {"model": "admin.logentry", "pk": 37, "fields": {"action_time": "2016-02-20T20:10:11.316Z", "user": 1, "content_type": 11, "object_id": "2", "object_repr": "Macchiato Manager", "action_flag": 1, "change_message": "Added."}}, {"model": "admin.logentry", "pk": 38, "fields": {"action_time": "2016-02-20T20:10:15.805Z", "user": 1, "content_type": 11, "object_id": "3", "object_repr": "Toster Manager", "action_flag": 1, "change_message": "Added."}}, {"model": "admin.logentry", "pk": 39, "fields": {"action_time": "2016-02-21T16:42:01.188Z", "user": 1, "content_type": 7, "object_id": "2", "object_repr": "Minuta Spens", "action_flag": 3, "change_message": ""}}, {"model": "admin.logentry", "pk": 40, "fields": {"action_time": "2016-02-21T16:42:29.368Z", "user": 1, "content_type": 7, "object_id": "4", "object_repr": "Minuta Spens", "action_flag": 1, "change_message": "Added."}}, {"model": "admin.logentry", "pk": 41, "fields": {"action_time": "2016-02-21T16:43:10.067Z", "user": 1, "content_type": 11, "object_id": "4", "object_repr": "Minuta Manager", "action_flag": 1, "change_message": "Added."}}, {"model": "admin.logentry", "pk": 42, "fields": {"action_time": "2016-02-21T16:43:15.452Z", "user": 1, "content_type": 11, "object_id": "4", "object_repr": "Minuta Manager", "action_flag": 2, "change_message": "No fields changed."}}, {"model": "admin.logentry", "pk": 43, "fields": {"action_time": "2016-02-21T17:55:32.044Z", "user": 1, "content_type": 4, "object_id": "5", "object_repr": "minuta@mail.com", "action_flag": 3, "change_message": ""}}, {"model": "admin.logentry", "pk": 44, "fields": {"action_time": "2016-02-21T17:55:49.910Z", "user": 1, "content_type": 7, "object_id": "4", "object_repr": "Minuta Spens", "action_flag": 3, "change_message": ""}}, {"model": "admin.logentry", "pk": 45, "fields": {"action_time": "2016-02-21T17:56:27.025Z", "user": 1, "content_type": 4, "object_id": "7", "object_repr": "minuta@mail.com", "action_flag": 1, "change_message": "Added."}}, {"model": "admin.logentry", "pk": 46, "fields": {"action_time": "2016-02-21T17:56:41.843Z", "user": 1, "content_type": 4, "object_id": "7", "object_repr": "minuta@mail.com", "action_flag": 2, "change_message": "Changed first_name, last_name, email and is_staff."}}, {"model": "admin.logentry", "pk": 47, "fields": {"action_time": "2016-02-21T17:57:14.152Z", "user": 1, "content_type": 7, "object_id": "5", "object_repr": "Minuta Spens", "action_flag": 1, "change_message": "Added."}}, {"model": "admin.logentry", "pk": 48, "fields": {"action_time": "2016-02-21T17:57:24.930Z", "user": 1, "content_type": 11, "object_id": "5", "object_repr": "Minuta Manager", "action_flag": 1, "change_message": "Added."}}, {"model": "admin.logentry", "pk": 49, "fields": {"action_time": "2016-02-21T17:58:30.124Z", "user": 1, "content_type": 11, "object_id": "5", "object_repr": "Minuta Manager", "action_flag": 3, "change_message": ""}}, {"model": "admin.logentry", "pk": 50, "fields": {"action_time": "2016-02-21T17:58:40.363Z", "user": 1, "content_type": 7, "object_id": "5", "object_repr": "Minuta Spens", "action_flag": 3, "change_message": ""}}, {"model": "admin.logentry", "pk": 51, "fields": {"action_time": "2016-02-21T18:05:49.715Z", "user": 1, "content_type": 7, "object_id": "6", "object_repr": "Minuta Spens", "action_flag": 1, "change_message": "Added."}}, {"model": "admin.logentry", "pk": 52, "fields": {"action_time": "2016-02-21T18:06:02.007Z", "user": 1, "content_type": 11, "object_id": "6", "object_repr": "Minuta Manager", "action_flag": 1, "change_message": "Added."}}, {"model": "admin.logentry", "pk": 53, "fields": {"action_time": "2016-02-21T18:08:48.123Z", "user": 1, "content_type": 7, "object_id": "6", "object_repr": "Minuta Spens", "action_flag": 2, "change_message": "No fields changed."}}, {"model": "admin.logentry", "pk": 54, "fields": {"action_time": "2016-02-21T19:59:05.237Z", "user": 1, "content_type": 4, "object_id": "1", "object_repr": "admin", "action_flag": 2, "change_message": "Changed email."}}, {"model": "admin.logentry", "pk": 55, "fields": {"action_time": "2016-02-21T20:23:47.324Z", "user": 1, "content_type": 4, "object_id": "8", "object_repr": "dragan.vidakovic@hotmail.com", "action_flag": 3, "change_message": ""}}, {"model": "admin.logentry", "pk": 56, "fields": {"action_time": "2016-02-21T20:28:09.132Z", "user": 1, "content_type": 4, "object_id": "9", "object_repr": "dragan.vidakovic@hotmail.com", "action_flag": 3, "change_message": ""}}, {"model": "admin.logentry", "pk": 57, "fields": {"action_time": "2016-02-21T20:31:16.387Z", "user": 1, "content_type": 4, "object_id": "10", "object_repr": "dragan.vidakovic@hotmail.com", "action_flag": 3, "change_message": ""}}, {"model": "admin.logentry", "pk": 58, "fields": {"action_time": "2016-02-21T20:32:42.907Z", "user": 1, "content_type": 4, "object_id": "11", "object_repr": "dragan.vidakovic@hotmail.com", "action_flag": 3, "change_message": ""}}, {"model": "admin.logentry", "pk": 59, "fields": {"action_time": "2016-02-21T20:40:01.116Z", "user": 1, "content_type": 4, "object_id": "12", "object_repr": "dragan.vidakovic@hotmail.com", "action_flag": 3, "change_message": ""}}, {"model": "admin.logentry", "pk": 60, "fields": {"action_time": "2016-02-21T20:43:12.102Z", "user": 1, "content_type": 4, "object_id": "13", "object_repr": "dragan.vidakovic@hotmail.com", "action_flag": 3, "change_message": ""}}, {"model": "admin.logentry", "pk": 61, "fields": {"action_time": "2016-02-21T20:54:00.330Z", "user": 1, "content_type": 4, "object_id": "14", "object_repr": "dragan.vidakovic@hotmail.com", "action_flag": 3, "change_message": ""}}, {"model": "admin.logentry", "pk": 62, "fields": {"action_time": "2016-02-21T21:02:14.010Z", "user": 1, "content_type": 4, "object_id": "15", "object_repr": "dragan.vidakovic@hotmail.com", "action_flag": 3, "change_message": ""}}, {"model": "admin.logentry", "pk": 63, "fields": {"action_time": "2016-02-21T21:58:11.761Z", "user": 1, "content_type": 4, "object_id": "16", "object_repr": "zika@mail.com", "action_flag": 1, "change_message": "Added."}}, {"model": "admin.logentry", "pk": 64, "fields": {"action_time": "2016-02-21T21:58:27.000Z", "user": 1, "content_type": 4, "object_id": "16", "object_repr": "zika@mail.com", "action_flag": 2, "change_message": "Changed first_name, last_name and email."}}, {"model": "admin.logentry", "pk": 65, "fields": {"action_time": "2016-02-21T21:59:22.933Z", "user": 1, "content_type": 10, "object_id": "6", "object_repr": "Zika Zikic", "action_flag": 1, "change_message": "Added."}}, {"model": "admin.logentry", "pk": 66, "fields": {"action_time": "2016-02-21T22:00:49.575Z", "user": 1, "content_type": 13, "object_id": "1", "object_repr": "Mika Mikic in Minuta Spens at 2016-02-05 16:00:00+01:00", "action_flag": 1, "change_message": "Added."}}, {"model": "admin.logentry", "pk": 67, "fields": {"action_time": "2016-02-21T22:01:25.975Z", "user": 1, "content_type": 13, "object_id": "2", "object_repr": "Mika Mikic in Minuta Spens at 2016-02-03 14:00:00+01:00", "action_flag": 1, "change_message": "Added."}}, {"model": "admin.logentry", "pk": 68, "fields": {"action_time": "2016-02-21T22:02:36.411Z", "user": 1, "content_type": 13, "object_id": "3", "object_repr": "Pera Peric in Macchiato Liman at 2016-02-11 10:00:00+01:00", "action_flag": 1, "change_message": "Added."}}, {"model": "admin.logentry", "pk": 69, "fields": {"action_time": "2016-02-21T22:03:25.795Z", "user": 1, "content_type": 14, "object_id": "1", "object_repr": "Mika Mikic in Minuta Spens at 2016-02-05 15:00:00+00:00 table: Minuta Spens 1", "action_flag": 1, "change_message": "Added."}}, {"model": "admin.logentry", "pk": 70, "fields": {"action_time": "2016-02-21T22:03:37.522Z", "user": 1, "content_type": 14, "object_id": "2", "object_repr": "Mika Mikic in Minuta Spens at 2016-02-05 15:00:00+00:00 table: Minuta Spens 2", "action_flag": 1, "change_message": "Added."}}, {"model": "admin.logentry", "pk": 71, "fields": {"action_time": "2016-02-21T22:03:52.322Z", "user": 1, "content_type": 14, "object_id": "3", "object_repr": "Mika Mikic in Minuta Spens at 2016-02-03 13:00:00+00:00 table: Minuta Spens 4", "action_flag": 1, "change_message": "Added."}}, {"model": "admin.logentry", "pk": 72, "fields": {"action_time": "2016-02-21T22:04:06.551Z", "user": 1, "content_type": 14, "object_id": "4", "object_repr": "Pera Peric in Macchiato Liman at 2016-02-11 09:00:00+00:00 table: Macchiato Liman 1", "action_flag": 1, "change_message": "Added."}}, {"model": "admin.logentry", "pk": 73, "fields": {"action_time": "2016-02-21T22:04:13.909Z", "user": 1, "content_type": 14, "object_id": "5", "object_repr": "Pera Peric in Macchiato Liman at 2016-02-11 09:00:00+00:00 table: Macchiato Liman 2", "action_flag": 1, "change_message": "Added."}}, {"model": "admin.logentry", "pk": 74, "fields": {"action_time": "2016-02-21T22:05:30.040Z", "user": 1, "content_type": 15, "object_id": "1", "object_repr": "Mika Mikic in Minuta Spens at 2016-02-05 15:00:00+00:00 ending: 2016-02-05 18:00:00+01:00", "action_flag": 1, "change_message": "Added."}}, {"model": "admin.logentry", "pk": 75, "fields": {"action_time": "2016-02-21T22:06:09.382Z", "user": 1, "content_type": 15, "object_id": "2", "object_repr": "Mika Mikic in Minuta Spens at 2016-02-05 15:00:00+00:00 ending: 2016-02-05 18:00:00+01:00", "action_flag": 1, "change_message": "Added."}}, {"model": "admin.logentry", "pk": 76, "fields": {"action_time": "2016-02-21T22:08:12.700Z", "user": 1, "content_type": 15, "object_id": "3", "object_repr": "Mika Mikic in Minuta Spens at 2016-02-03 13:00:00+00:00 ending: 2016-02-03 15:00:00+01:00", "action_flag": 1, "change_message": "Added."}}, {"model": "admin.logentry", "pk": 77, "fields": {"action_time": "2016-02-21T22:08:47.015Z", "user": 1, "content_type": 15, "object_id": "4", "object_repr": "Pera Peric in Macchiato Liman at 2016-02-11 09:00:00+00:00 ending: 2016-02-11 11:00:00+01:00", "action_flag": 1, "change_message": "Added."}}, {"model": "admin.logentry", "pk": 78, "fields": {"action_time": "2016-02-22T00:18:35.185Z", "user": 1, "content_type": 15, "object_id": "2", "object_repr": "Mika Mikic in Minuta Spens at 2016-02-05 15:00:00+00:00 ending: 2016-02-05 18:00:00+01:00", "action_flag": 2, "change_message": "Changed grade."}}, {"model": "admin.logentry", "pk": 79, "fields": {"action_time": "2016-02-22T00:19:46.626Z", "user": 1, "content_type": 15, "object_id": "1", "object_repr": "Mika Mikic in Minuta Spens at 2016-02-05 15:00:00+00:00 ending: 2016-02-05 18:00:00+01:00", "action_flag": 2, "change_message": "Changed grade."}}, {"model": "admin.logentry", "pk": 80, "fields": {"action_time": "2016-02-22T00:20:21.268Z", "user": 1, "content_type": 15, "object_id": "2", "object_repr": "Mika Mikic in Minuta Spens at 2016-02-05 15:00:00+00:00 ending: 2016-02-05 18:00:00+01:00", "action_flag": 2, "change_message": "Changed grade."}}, {"model": "admin.logentry", "pk": 81, "fields": {"action_time": "2016-02-22T00:20:25.487Z", "user": 1, "content_type": 15, "object_id": "1", "object_repr": "Mika Mikic in Minuta Spens at 2016-02-05 15:00:00+00:00 ending: 2016-02-05 18:00:00+01:00", "action_flag": 2, "change_message": "No fields changed."}}, {"model": "admin.logentry", "pk": 82, "fields": {"action_time": "2016-02-22T14:24:59.149Z", "user": 1, "content_type": 4, "object_id": "2", "object_repr": "pera@mail.com", "action_flag": 2, "change_message": "Changed password."}}, {"model": "admin.logentry", "pk": 83, "fields": {"action_time": "2016-02-22T14:37:36.031Z", "user": 1, "content_type": 12, "object_id": "3", "object_repr": "Zika Zikic and Mika Mikic", "action_flag": 3, "change_message": ""}}, {"model": "admin.logentry", "pk": 84, "fields": {"action_time": "2016-02-22T15:14:35.083Z", "user": 1, "content_type": 7, "object_id": "7", "object_repr": "Test", "action_flag": 1, "change_message": "Added."}}, {"model": "admin.logentry", "pk": 85, "fields": {"action_time": "2016-02-22T15:14:49.769Z", "user": 1, "content_type": 4, "object_id": "17", "object_repr": "test@mail.com", "action_flag": 1, "change_message": "Added."}}, {"model": "admin.logentry", "pk": 86, "fields": {"action_time": "2016-02-22T15:15:02.006Z", "user": 1, "content_type": 4, "object_id": "17", "object_repr": "test@mail.com", "action_flag": 2, "change_message": "Changed first_name, last_name, email and is_staff."}}, {"model": "admin.logentry", "pk": 87, "fields": {"action_time": "2016-02-22T15:15:13.906Z", "user": 1, "content_type": 11, "object_id": "7", "object_repr": "test test", "action_flag": 1, "change_message": "Added."}}, {"model": "admin.logentry", "pk": 88, "fields": {"action_time": "2016-02-22T15:16:22.531Z", "user": 1, "content_type": 4, "object_id": "17", "object_repr": "test@mail.com", "action_flag": 3, "change_message": ""}}, {"model": "admin.logentry", "pk": 89, "fields": {"action_time": "2016-02-22T15:17:14.247Z", "user": 1, "content_type": 7, "object_id": "7", "object_repr": "Test", "action_flag": 3, "change_message": ""}}, {"model": "admin.logentry", "pk": 90, "fields": {"action_time": "2016-02-23T00:58:16.890Z", "user": 1, "content_type": 13, "object_id": "14", "object_repr": "Pera Peric in Minuta Spens at 2016-02-24 01:56:29+00:00", "action_flag": 3, "change_message": ""}}, {"model": "admin.logentry", "pk": 91, "fields": {"action_time": "2016-02-23T00:58:17.041Z", "user": 1, "content_type": 13, "object_id": "13", "object_repr": "Pera Peric in Minuta Spens at 2016-02-25 01:55:23+00:00", "action_flag": 3, "change_message": ""}}, {"model": "admin.logentry", "pk": 92, "fields": {"action_time": "2016-02-23T00:58:17.144Z", "user": 1, "content_type": 13, "object_id": "12", "object_repr": "Pera Peric in Minuta Spens at 2016-02-25 01:54:13+00:00", "action_flag": 3, "change_message": ""}}, {"model": "admin.logentry", "pk": 93, "fields": {"action_time": "2016-02-23T00:58:17.229Z", "user": 1, "content_type": 13, "object_id": "11", "object_repr": "Pera Peric in Minuta Spens at 2016-02-25 01:51:55+00:00", "action_flag": 3, "change_message": ""}}, {"model": "admin.logentry", "pk": 94, "fields": {"action_time": "2016-02-23T00:58:17.352Z", "user": 1, "content_type": 13, "object_id": "10", "object_repr": "Pera Peric in Macchiato Liman at 2016-02-25 01:51:10+00:00", "action_flag": 3, "change_message": ""}}, {"model": "admin.logentry", "pk": 95, "fields": {"action_time": "2016-02-23T00:58:17.447Z", "user": 1, "content_type": 13, "object_id": "9", "object_repr": "Pera Peric in Toster at 2016-02-25 01:50:51+00:00", "action_flag": 3, "change_message": ""}}, {"model": "admin.logentry", "pk": 96, "fields": {"action_time": "2016-02-23T00:58:17.536Z", "user": 1, "content_type": 13, "object_id": "8", "object_repr": "Pera Peric in Minuta Spens at 2016-02-25 01:49:49+00:00", "action_flag": 3, "change_message": ""}}, {"model": "admin.logentry", "pk": 97, "fields": {"action_time": "2016-02-23T00:58:17.626Z", "user": 1, "content_type": 13, "object_id": "7", "object_repr": "Pera Peric in Minuta Spens at 2016-02-25 01:48:51+00:00", "action_flag": 3, "change_message": ""}}, {"model": "admin.logentry", "pk": 98, "fields": {"action_time": "2016-02-23T00:58:17.719Z", "user": 1, "content_type": 13, "object_id": "6", "object_repr": "Pera Peric in Minuta Spens at 2016-02-25 10:00:00+00:00", "action_flag": 3, "change_message": ""}}, {"model": "admin.logentry", "pk": 99, "fields": {"action_time": "2016-02-23T00:58:17.808Z", "user": 1, "content_type": 13, "object_id": "5", "object_repr": "Pera Peric in Minuta Spens at 2016-02-25 10:00:00+00:00", "action_flag": 3, "change_message": ""}}, {"model": "admin.logentry", "pk": 100, "fields": {"action_time": "2016-02-23T00:58:17.897Z", "user": 1, "content_type": 13, "object_id": "4", "object_repr": "Pera Peric in Toster at 2016-02-25 10:00:00+00:00", "action_flag": 3, "change_message": ""}}, {"model": "admin.logentry", "pk": 101, "fields": {"action_time": "2016-02-23T01:05:14.548Z", "user": 1, "content_type": 13, "object_id": "21", "object_repr": "Pera Peric in Macchiato Liman at 2016-02-26 02:04:07+00:00", "action_flag": 3, "change_message": ""}}, {"model": "admin.logentry", "pk": 102, "fields": {"action_time": "2016-02-23T01:05:14.645Z", "user": 1, "content_type": 13, "object_id": "20", "object_repr": "Pera Peric in Minuta Spens at 2016-02-25 02:03:42+00:00", "action_flag": 3, "change_message": ""}}, {"model": "admin.logentry", "pk": 103, "fields": {"action_time": "2016-02-23T01:05:14.749Z", "user": 1, "content_type": 13, "object_id": "19", "object_repr": "Pera Peric in Minuta Spens at 2016-02-24 02:02:38+00:00", "action_flag": 3, "change_message": ""}}, {"model": "admin.logentry", "pk": 104, "fields": {"action_time": "2016-02-23T01:05:14.841Z", "user": 1, "content_type": 13, "object_id": "18", "object_repr": "Pera Peric in Toster at 2016-02-25 02:02:22+00:00", "action_flag": 3, "change_message": ""}}, {"model": "admin.logentry", "pk": 105, "fields": {"action_time": "2016-02-23T01:05:14.946Z", "user": 1, "content_type": 13, "object_id": "17", "object_repr": "Pera Peric in Macchiato Liman at 2016-02-24 02:01:48+00:00", "action_flag": 3, "change_message": ""}}, {"model": "admin.logentry", "pk": 106, "fields": {"action_time": "2016-02-23T01:05:15.050Z", "user": 1, "content_type": 13, "object_id": "16", "object_repr": "Pera Peric in Macchiato Liman at 2016-02-25 02:00:40+00:00", "action_flag": 3, "change_message": ""}}, {"model": "admin.logentry", "pk": 107, "fields": {"action_time": "2016-02-23T01:05:15.138Z", "user": 1, "content_type": 13, "object_id": "15", "object_repr": "Pera Peric in Minuta Spens at 2016-02-24 10:00:00+00:00", "action_flag": 3, "change_message": ""}}, {"model": "admin.logentry", "pk": 108, "fields": {"action_time": "2016-02-23T01:19:37.193Z", "user": 1, "content_type": 13, "object_id": "23", "object_repr": "Zika Zikic in Minuta Spens at 2016-02-25 02:18:27+00:00", "action_flag": 3, "change_message": ""}}, {"model": "admin.logentry", "pk": 109, "fields": {"action_time": "2016-02-23T01:19:37.360Z", "user": 1, "content_type": 13, "object_id": "22", "object_repr": "Zika Zikic in Minuta Spens at 2016-02-25 15:00:00+00:00", "action_flag": 3, "change_message": ""}}, {"model": "admin.logentry", "pk": 110, "fields": {"action_time": "2016-02-23T02:33:13.723Z", "user": 1, "content_type": 4, "object_id": "19", "object_repr": "dragan.vidakovic@hotmail.com", "action_flag": 3, "change_message": ""}}, {"model": "admin.logentry", "pk": 111, "fields": {"action_time": "2016-02-23T02:33:13.852Z", "user": 1, "content_type": 4, "object_id": "18", "object_repr": "vdragan1993@gmail.com", "action_flag": 3, "change_message": ""}}, {"model": "admin.logentry", "pk": 112, "fields": {"action_time": "2016-02-23T02:48:12.951Z", "user": 1, "content_type": 4, "object_id": "22", "object_repr": "dragan.vidakovic@hotmai.com", "action_flag": 3, "change_message": ""}}, {"model": "admin.logentry", "pk": 113, "fields": {"action_time": "2016-02-23T02:55:18.793Z", "user": 1, "content_type": 4, "object_id": "23", "object_repr": "dragan.vidakovic@hotmail.com", "action_flag": 3, "change_message": ""}}, {"model": "admin.logentry", "pk": 114, "fields": {"action_time": "2016-02-23T02:55:18.947Z", "user": 1, "content_type": 4, "object_id": "21", "object_repr": "vdragan1993@gmail.com", "action_flag": 3, "change_message": ""}}, {"model": "admin.logentry", "pk": 115, "fields": {"action_time": "2016-02-23T02:55:19.035Z", "user": 1, "content_type": 4, "object_id": "20", "object_repr": "vdragan93@gmail.com", "action_flag": 3, "change_message": ""}}, {"model": "admin.logentry", "pk": 116, "fields": {"action_time": "2016-02-23T10:31:32.518Z", "user": 1, "content_type": 13, "object_id": "24", "object_repr": "Zika Zikic in Minuta Spens at 2016-02-25 10:00:00+00:00", "action_flag": 3, "change_message": ""}}, {"model": "admin.logentry", "pk": 117, "fields": {"action_time": "2016-02-23T10:35:18.351Z", "user": 1, "content_type": 13, "object_id": "28", "object_repr": "Zika Zikic in Toster at 2016-02-25 11:10:00+00:00", "action_flag": 3, "change_message": ""}}, {"model": "admin.logentry", "pk": 118, "fields": {"action_time": "2016-02-23T10:35:18.498Z", "user": 1, "content_type": 13, "object_id": "27", "object_repr": "Zika Zikic in Toster at 2016-02-25 11:00:00+00:00", "action_flag": 3, "change_message": ""}}, {"model": "admin.logentry", "pk": 119, "fields": {"action_time": "2016-02-23T10:43:12.376Z", "user": 1, "content_type": 13, "object_id": "30", "object_repr": "Zika Zikic in Toster at 2016-02-25 11:41:59+00:00", "action_flag": 3, "change_message": ""}}, {"model": "admin.logentry", "pk": 120, "fields": {"action_time": "2016-02-23T10:43:12.537Z", "user": 1, "content_type": 13, "object_id": "29", "object_repr": "Zika Zikic in Toster at 2016-02-25 11:41:23+00:00", "action_flag": 3, "change_message": ""}}, {"model": "admin.logentry", "pk": 121, "fields": {"action_time": "2016-02-23T11:08:41.089Z", "user": 1, "content_type": 13, "object_id": "36", "object_repr": "Zika Zikic in Minuta Spens at 2016-02-25 14:55:00+00:00", "action_flag": 3, "change_message": ""}}, {"model": "admin.logentry", "pk": 122, "fields": {"action_time": "2016-02-23T11:08:41.191Z", "user": 1, "content_type": 13, "object_id": "35", "object_repr": "Zika Zikic in Minuta Spens at 2016-02-25 10:00:00+00:00", "action_flag": 3, "change_message": ""}}, {"model": "admin.logentry", "pk": 123, "fields": {"action_time": "2016-02-23T11:08:41.302Z", "user": 1, "content_type": 13, "object_id": "34", "object_repr": "Zika Zikic in Minuta Spens at 2016-02-25 09:00:00+00:00", "action_flag": 3, "change_message": ""}}, {"model": "admin.logentry", "pk": 124, "fields": {"action_time": "2016-02-23T11:08:41.396Z", "user": 1, "content_type": 13, "object_id": "33", "object_repr": "Zika Zikic in Minuta Spens at 2016-02-25 11:00:00+00:00", "action_flag": 3, "change_message": ""}}, {"model": "admin.logentry", "pk": 125, "fields": {"action_time": "2016-02-23T11:08:41.513Z", "user": 1, "content_type": 13, "object_id": "32", "object_repr": "Zika Zikic in Minuta Spens at 2016-02-25 09:10:00+00:00", "action_flag": 3, "change_message": ""}}, {"model": "admin.logentry", "pk": 126, "fields": {"action_time": "2016-02-23T11:08:41.613Z", "user": 1, "content_type": 13, "object_id": "31", "object_repr": "Zika Zikic in Minuta Spens at 2016-02-25 10:00:00+00:00", "action_flag": 3, "change_message": ""}}, {"model": "admin.logentry", "pk": 127, "fields": {"action_time": "2016-02-23T11:14:39.710Z", "user": 1, "content_type": 13, "object_id": "38", "object_repr": "Pera Peric in Minuta Spens at 2016-02-25 10:50:00+00:00", "action_flag": 3, "change_message": ""}}, {"model": "admin.logentry", "pk": 128, "fields": {"action_time": "2016-02-23T11:14:39.833Z", "user": 1, "content_type": 13, "object_id": "37", "object_repr": "Zika Zikic in Minuta Spens at 2016-02-25 11:00:00+00:00", "action_flag": 3, "change_message": ""}}, {"model": "admin.logentry", "pk": 129, "fields": {"action_time": "2016-02-23T11:19:49.034Z", "user": 1, "content_type": 13, "object_id": "39", "object_repr": "Mika Mikic in Minuta Spens at 2016-02-25 12:18:49+00:00", "action_flag": 3, "change_message": ""}}, {"model": "admin.logentry", "pk": 130, "fields": {"action_time": "2016-02-23T12:43:02.007Z", "user": 1, "content_type": 13, "object_id": "41", "object_repr": "Pera Peric in Minuta Spens at 2016-02-25 13:29:20+00:00", "action_flag": 3, "change_message": ""}}, {"model": "admin.logentry", "pk": 131, "fields": {"action_time": "2016-02-23T12:43:02.124Z", "user": 1, "content_type": 13, "object_id": "40", "object_repr": "Pera Peric in Minuta Spens at 2016-02-25 13:26:53+00:00", "action_flag": 3, "change_message": ""}}, {"model": "admin.logentry", "pk": 132, "fields": {"action_time": "2016-02-23T12:48:03.854Z", "user": 1, "content_type": 15, "object_id": "21", "object_repr": "Mika Mikic in Minuta Spens at 2016-02-25 13:45:09+00:00 ending: 2016-02-25 15:45:09+00:00", "action_flag": 3, "change_message": ""}}, {"model": "admin.logentry", "pk": 133, "fields": {"action_time": "2016-02-23T12:48:03.963Z", "user": 1, "content_type": 15, "object_id": "20", "object_repr": "Mika Mikic in Minuta Spens at 2016-02-25 13:45:09+00:00 ending: 2016-02-25 15:45:09+00:00", "action_flag": 3, "change_message": ""}}, {"model": "admin.logentry", "pk": 134, "fields": {"action_time": "2016-02-23T12:48:16.994Z", "user": 1, "content_type": 13, "object_id": "42", "object_repr": "Mika Mikic in Minuta Spens at 2016-02-25 13:45:09+00:00", "action_flag": 3, "change_message": ""}}, {"model": "admin.logentry", "pk": 135, "fields": {"action_time": "2016-02-23T12:51:38.654Z", "user": 1, "content_type": 13, "object_id": "43", "object_repr": "Mika Mikic in Macchiato Liman at 2016-02-25 13:49:28+00:00", "action_flag": 3, "change_message": ""}}, {"model": "admin.logentry", "pk": 136, "fields": {"action_time": "2016-02-23T12:59:57.620Z", "user": 1, "content_type": 13, "object_id": "44", "object_repr": "Mika Mikic in Toster at 2016-02-25 13:54:15+00:00", "action_flag": 3, "change_message": ""}}, {"model": "admin.logentry", "pk": 137, "fields": {"action_time": "2016-02-23T13:05:07.503Z", "user": 1, "content_type": 15, "object_id": "28", "object_repr": "Mika Mikic in Toster at 2016-02-25 14:01:24+00:00 ending: 2016-02-22 15:01:24+00:00 for: Gmail Nalog", "action_flag": 2, "change_message": "Changed ending_time."}}, {"model": "admin.logentry", "pk": 138, "fields": {"action_time": "2016-02-23T13:07:01.080Z", "user": 1, "content_type": 13, "object_id": "45", "object_repr": "Mika Mikic in Toster at 2016-02-25 14:01:24+00:00", "action_flag": 3, "change_message": ""}}, {"model": "admin.logentry", "pk": 139, "fields": {"action_time": "2016-02-23T13:07:15.409Z", "user": 1, "content_type": 4, "object_id": "24", "object_repr": "vdragan1993@gmail.com", "action_flag": 3, "change_message": ""}}, {"model": "admin.logentry", "pk": 140, "fields": {"action_time": "2016-02-23T13:46:14.661Z", "user": 1, "content_type": 4, "object_id": "25", "object_repr": "vdragan1993@gmail.com", "action_flag": 3, "change_message": ""}}, {"model": "admin.logentry", "pk": 141, "fields": {"action_time": "2016-02-23T13:46:29.007Z", "user": 1, "content_type": 13, "object_id": "47", "object_repr": "Mika Mikic in Toster at 2016-02-25 14:44:48+00:00", "action_flag": 3, "change_message": ""}}, {"model": "admin.logentry", "pk": 142, "fields": {"action_time": "2016-02-23T13:46:29.136Z", "user": 1, "content_type": 13, "object_id": "46", "object_repr": "Mika Mikic in Toster at 2016-02-25 14:41:11+00:00", "action_flag": 3, "change_message": ""}}, {"model": "admin.logentry", "pk": 143, "fields": {"action_time": "2016-02-23T14:51:46.686Z", "user": 1, "content_type": 4, "object_id": "4", "object_repr": "toster@mail.com", "action_flag": 2, "change_message": "Changed password."}}, {"model": "admin.logentry", "pk": 144, "fields": {"action_time": "2016-02-23T15:04:38.596Z", "user": 1, "content_type": 9, "object_id": "9", "object_repr": "Toster 4", "action_flag": 3, "change_message": ""}}, {"model": "admin.logentry", "pk": 145, "fields": {"action_time": "2016-02-23T15:04:38.728Z", "user": 1, "content_type": 9, "object_id": "8", "object_repr": "Toster 3", "action_flag": 3, "change_message": ""}}, {"model": "admin.logentry", "pk": 146, "fields": {"action_time": "2016-02-23T15:04:38.832Z", "user": 1, "content_type": 9, "object_id": "7", "object_repr": "Toster 2", "action_flag": 3, "change_message": ""}}, {"model": "admin.logentry", "pk": 147, "fields": {"action_time": "2016-02-23T15:04:38.939Z", "user": 1, "content_type": 9, "object_id": "6", "object_repr": "Toster 1", "action_flag": 3, "change_message": ""}}, {"model": "admin.logentry", "pk": 148, "fields": {"action_time": "2016-02-23T15:04:47.831Z", "user": 1, "content_type": 7, "object_id": "3", "object_repr": "Toster", "action_flag": 2, "change_message": "Changed is_ready."}}, {"model": "admin.logentry", "pk": 149, "fields": {"action_time": "2016-02-23T15:06:33.803Z", "user": 1, "content_type": 9, "object_id": "54", "object_repr": "Toster 1", "action_flag": 3, "change_message": ""}}, {"model": "admin.logentry", "pk": 150, "fields": {"action_time": "2016-02-23T15:06:33.968Z", "user": 1, "content_type": 9, "object_id": "53", "object_repr": "Toster 1", "action_flag": 3, "change_message": ""}}, {"model": "admin.logentry", "pk": 151, "fields": {"action_time": "2016-02-23T15:06:34.085Z", "user": 1, "content_type": 9, "object_id": "52", "object_repr": "Toster 1", "action_flag": 3, "change_message": ""}}, {"model": "admin.logentry", "pk": 152, "fields": {"action_time": "2016-02-23T15:06:34.209Z", "user": 1, "content_type": 9, "object_id": "51", "object_repr": "Toster 1", "action_flag": 3, "change_message": ""}}, {"model": "admin.logentry", "pk": 153, "fields": {"action_time": "2016-02-23T15:06:44.305Z", "user": 1, "content_type": 7, "object_id": "3", "object_repr": "Toster", "action_flag": 2, "change_message": "Changed is_ready."}}, {"model": "admin.logentry", "pk": 154, "fields": {"action_time": "2016-02-23T17:37:04.715Z", "user": 1, "content_type": 4, "object_id": "26", "object_repr": "loft@mail.com", "action_flag": 1, "change_message": "Added."}}, {"model": "admin.logentry", "pk": 155, "fields": {"action_time": "2016-02-23T17:37:19.289Z", "user": 1, "content_type": 4, "object_id": "26", "object_repr": "loft@mail.com", "action_flag": 2, "change_message": "Changed first_name, last_name, email and is_staff."}}, {"model": "admin.logentry", "pk": 156, "fields": {"action_time": "2016-02-23T17:37:56.844Z", "user": 1, "content_type": 7, "object_id": "8", "object_repr": "Loft", "action_flag": 1, "change_message": "Added."}}, {"model": "admin.logentry", "pk": 157, "fields": {"action_time": "2016-02-23T17:38:10.467Z", "user": 1, "content_type": 11, "object_id": "8", "object_repr": "Loft Manager", "action_flag": 1, "change_message": "Added."}}, {"model": "admin.logentry", "pk": 158, "fields": {"action_time": "2016-02-23T17:43:23.179Z", "user": 1, "content_type": 7, "object_id": "8", "object_repr": "Loft", "action_flag": 3, "change_message": ""}}, {"model": "admin.logentry", "pk": 159, "fields": {"action_time": "2016-02-23T17:47:47.402Z", "user": 1, "content_type": 7, "object_id": "9", "object_repr": "Loft", "action_flag": 1, "change_message": "Added."}}, {"model": "admin.logentry", "pk": 160, "fields": {"action_time": "2016-02-23T17:48:01.879Z", "user": 1, "content_type": 11, "object_id": "9", "object_repr": "Loft Manage", "action_flag": 1, "change_message": "Added."}}, {"model": "admin.logentry", "pk": 161, "fields": {"action_time": "2016-02-23T18:27:16.494Z", "user": 1, "content_type": 15, "object_id": "35", "object_repr": "Gmail Nalog in Loft at 2016-02-24 09:50:00+00:00 ending: 2016-02-20 11:50:00+00:00 for: ", "action_flag": 2, "change_message": "Changed ending_time."}}, {"model": "admin.logentry", "pk": 162, "fields": {"action_time": "2016-02-23T18:29:02.900Z", "user": 1, "content_type": 4, "object_id": "28", "object_repr": "dragan.vidakovic@hotmail.com", "action_flag": 3, "change_message": ""}}, {"model": "admin.logentry", "pk": 163, "fields": {"action_time": "2016-02-23T18:29:03.294Z", "user": 1, "content_type": 4, "object_id": "27", "object_repr": "vdragan1993@gmail.com", "action_flag": 3, "change_message": ""}}, {"model": "admin.logentry", "pk": 164, "fields": {"action_time": "2016-02-23T18:29:11.324Z", "user": 1, "content_type": 4, "object_id": "26", "object_repr": "loft@mail.com", "action_flag": 3, "change_message": ""}}, {"model": "admin.logentry", "pk": 165, "fields": {"action_time": "2016-02-23T18:29:20.603Z", "user": 1, "content_type": 7, "object_id": "9", "object_repr": "Loft", "action_flag": 3, "change_message": ""}}, {"model": "admin.logentry", "pk": 166, "fields": {"action_time": "2020-06-04T14:46:05.312Z", "user": 29, "content_type": 4, "object_id": "31", "object_repr": "restonuevo", "action_flag": 1, "change_message": "[{\"added\": {}}]"}}, {"model": "admin.logentry", "pk": 167, "fields": {"action_time": "2020-06-04T14:47:21.373Z", "user": 29, "content_type": 4, "object_id": "31", "object_repr": "restonuevo", "action_flag": 2, "change_message": "[{\"changed\": {\"fields\": [\"first_name\", \"last_name\", \"email\", \"user_permissions\"]}}]"}}, {"model": "admin.logentry", "pk": 168, "fields": {"action_time": "2020-06-04T14:51:22.734Z", "user": 29, "content_type": 4, "object_id": "33", "object_repr": "josecanseco", "action_flag": 1, "change_message": "[{\"added\": {}}]"}}, {"model": "admin.logentry", "pk": 169, "fields": {"action_time": "2020-06-04T14:52:00.000Z", "user": 29, "content_type": 4, "object_id": "33", "object_repr": "josecanseco", "action_flag": 2, "change_message": "[{\"changed\": {\"fields\": [\"first_name\", \"last_name\", \"email\", \"user_permissions\"]}}]"}}, {"model": "admin.logentry", "pk": 170, "fields": {"action_time": "2020-06-04T14:53:41.254Z", "user": 29, "content_type": 4, "object_id": "33", "object_repr": "josecanseco", "action_flag": 2, "change_message": "[]"}}, {"model": "admin.logentry", "pk": 171, "fields": {"action_time": "2020-06-04T14:57:14.164Z", "user": 29, "content_type": 4, "object_id": "32", "object_repr": "lucas021213@gmail.com", "action_flag": 2, "change_message": "[{\"changed\": {\"fields\": [\"password\"]}}]"}}, {"model": "admin.logentry", "pk": 172, "fields": {"action_time": "2020-06-04T15:05:49.496Z", "user": 29, "content_type": 4, "object_id": "33", "object_repr": "josecanseco", "action_flag": 2, "change_message": "[{\"changed\": {\"fields\": [\"password\"]}}]"}}, {"model": "admin.logentry", "pk": 173, "fields": {"action_time": "2020-06-04T15:07:12.842Z", "user": 29, "content_type": 4, "object_id": "29", "object_repr": "stefaniaArias", "action_flag": 2, "change_message": "[{\"changed\": {\"fields\": [\"user_permissions\"]}}]"}}, {"model": "admin.logentry", "pk": 174, "fields": {"action_time": "2020-06-04T15:09:37.981Z", "user": 29, "content_type": 4, "object_id": "32", "object_repr": "lucas021213@gmail.com", "action_flag": 2, "change_message": "[{\"changed\": {\"fields\": [\"user_permissions\"]}}]"}}, {"model": "admin.logentry", "pk": 175, "fields": {"action_time": "2020-06-04T15:17:26.697Z", "user": 29, "content_type": 11, "object_id": "10", "object_repr": "", "action_flag": 1, "change_message": "[{\"added\": {}}]"}}, {"model": "admin.logentry", "pk": 176, "fields": {"action_time": "2020-06-04T15:26:54.873Z", "user": 29, "content_type": 7, "object_id": "10", "object_repr": "Comida deliciosa pa ti", "action_flag": 1, "change_message": "[{\"added\": {}}]"}}, {"model": "admin.logentry", "pk": 177, "fields": {"action_time": "2020-06-04T15:27:51.928Z", "user": 29, "content_type": 11, "object_id": "10", "object_repr": "", "action_flag": 3, "change_message": ""}}, {"model": "admin.logentry", "pk": 178, "fields": {"action_time": "2020-06-04T15:28:07.587Z", "user": 29, "content_type": 11, "object_id": "11", "object_repr": "", "action_flag": 1, "change_message": "[{\"added\": {}}]"}}, {"model": "admin.logentry", "pk": 179, "fields": {"action_time": "2020-06-04T15:33:16.809Z", "user": 29, "content_type": 10, "object_id": "17", "object_repr": "", "action_flag": 1, "change_message": "[{\"added\": {}}]"}}, {"model": "admin.logentry", "pk": 180, "fields": {"action_time": "2020-06-04T15:36:43.342Z", "user": 29, "content_type": 4, "object_id": "35", "object_repr": "Axel", "action_flag": 1, "change_message": "[{\"added\": {}}]"}}, {"model": "admin.logentry", "pk": 181, "fields": {"action_time": "2020-06-04T15:37:33.548Z", "user": 29, "content_type": 4, "object_id": "35", "object_repr": "Axel", "action_flag": 2, "change_message": "[{\"changed\": {\"fields\": [\"first_name\", \"last_name\", \"email\", \"user_permissions\"]}}]"}}, {"model": "admin.logentry", "pk": 182, "fields": {"action_time": "2020-06-04T15:39:00.523Z", "user": 29, "content_type": 10, "object_id": "17", "object_repr": "", "action_flag": 3, "change_message": ""}}, {"model": "admin.logentry", "pk": 183, "fields": {"action_time": "2020-06-04T15:39:10.399Z", "user": 29, "content_type": 10, "object_id": "18", "object_repr": "Axel Fernandez", "action_flag": 1, "change_message": "[{\"added\": {}}]"}}, {"model": "admin.logentry", "pk": 184, "fields": {"action_time": "2020-06-04T15:42:35.134Z", "user": 29, "content_type": 7, "object_id": "10", "object_repr": "Comida deliciosa pa ti", "action_flag": 2, "change_message": "[{\"changed\": {\"fields\": [\"rows\", \"columns\", \"tables\"]}}]"}}, {"model": "admin.logentry", "pk": 185, "fields": {"action_time": "2020-06-04T15:43:06.542Z", "user": 29, "content_type": 7, "object_id": "10", "object_repr": "Comida deliciosa pa ti", "action_flag": 2, "change_message": "[{\"changed\": {\"fields\": [\"rows\", \"columns\"]}}]"}}, {"model": "admin.logentry", "pk": 186, "fields": {"action_time": "2020-06-04T15:43:26.040Z", "user": 29, "content_type": 7, "object_id": "10", "object_repr": "Comida deliciosa pa ti", "action_flag": 2, "change_message": "[{\"changed\": {\"fields\": [\"rows\", \"columns\"]}}]"}}, {"model": "admin.logentry", "pk": 187, "fields": {"action_time": "2020-06-04T15:43:47.979Z", "user": 29, "content_type": 9, "object_id": "71", "object_repr": "Comida deliciosa pa ti 4", "action_flag": 1, "change_message": "[{\"added\": {}}]"}}, {"model": "admin.logentry", "pk": 188, "fields": {"action_time": "2020-06-04T15:46:07.797Z", "user": 29, "content_type": 9, "object_id": "72", "object_repr": "Comida deliciosa pa ti 1", "action_flag": 1, "change_message": "[{\"added\": {}}]"}}, {"model": "admin.logentry", "pk": 189, "fields": {"action_time": "2020-06-04T16:54:47.247Z", "user": 29, "content_type": 7, "object_id": "10", "object_repr": "Comida deliciosa pa ti", "action_flag": 2, "change_message": "[{\"changed\": {\"fields\": [\"is_ready\"]}}]"}}, {"model": "admin.logentry", "pk": 190, "fields": {"action_time": "2020-06-04T17:09:26.172Z", "user": 29, "content_type": 11, "object_id": "12", "object_repr": "", "action_flag": 1, "change_message": "[{\"added\": {}}]"}}, {"model": "admin.logentry", "pk": 191, "fields": {"action_time": "2020-06-04T21:14:41.510Z", "user": 29, "content_type": 4, "object_id": "29", "object_repr": "stefaniaArias", "action_flag": 2, "change_message": "[{\"changed\": {\"fields\": [\"first_name\", \"last_name\"]}}]"}}, {"model": "restaurant.manager", "pk": 2, "fields": {"user": 6, "restaurant": 1}}, {"model": "restaurant.manager", "pk": 3, "fields": {"user": 4, "restaurant": 3}}, {"model": "restaurant.manager", "pk": 6, "fields": {"user": 7, "restaurant": 6}}, {"model": "restaurant.manager", "pk": 11, "fields": {"user": 29, "restaurant": 10}}, {"model": "restaurant.manager", "pk": 12, "fields": {"user": 29, "restaurant": 3}}, {"model": "restaurant.guest", "pk": 1, "fields": {"user": 3, "address": "Mikina adresa", "name": null}}, {"model": "restaurant.guest", "pk": 2, "fields": {"user": 2, "address": "Dr. Sime Milosevica 8", "name": null}}, {"model": "restaurant.guest", "pk": 6, "fields": {"user": 16, "address": "Mise Dimitrijevica 15", "name": null}}, {"model": "restaurant.guest", "pk": 18, "fields": {"user": 35, "address": "calle falsa 123", "name": null}}]